acehardware01|acehardware|admin|7853|0
ACEMKT|acehardware|user|7853|8
ACEON|acehardware|user|0|8
afexkorea|afex|admin|0|0
amc2020|amcommerce|admin|5831|0
ananti01|ananti|admin|0|0
ahbusan|ananti|user|0|4
bsuhee1225|ananti|user|0|1
dh200601|ananti|user|0|1
hyobin17|ananti|user|0|1
mink95|ananti|user|0|1
moonjh0404|ananti|user|0|1
shw115|ananti|user|0|1
SOOBIN02|ananti|user|0|1
arnew|arnew|admin|75|0
ABCOZX|augustinus|admin|0|0
babynews|bacon|admin|8360|0
banilaco|banilaco|admin|0|0
benetton01|benetton|admin|0|0
benetton|benetton|user|0|1
benetton1|benetton|user|0|1
benetton2|benetton|user|0|1
benetton3|benetton|user|0|1
benetton4|benetton|user|0|1
benetton5|benetton|user|0|1
benjefe01|benjefe|admin|0|0
benjefe|benjefe|user|0|182
benjefe1|benjefe|user|0|1
benjefe2|benjefe|user|0|1
benjefe3|benjefe|user|0|1
quiksilver|brk|admin|6384|0
carrotglobal01|carrotglobal|admin|0|0
bhappy1|carrotglobal|user|0|2
bhappy2|carrotglobal|user|0|1
bhappy4|carrotglobal|user|0|2
cats0901|catsfactory|admin|0|0
icemanim|chaumet|admin|1|0
choisun|choisun|admin|0|0
comvita01|comvita|admin|371|0
comvita|comvita|user|371|1
comvitaon|comvita|user|0|1
cnxsol|connexsol|admin|0|0
creationl01|creationl|admin|1|0
louisquatorze1|creationl|user|1|3
louisquatorze3|creationl|user|0|4
crispyba|crispybaba|admin|0|0
crocodile01|crocodile|admin|0|0
cdfasms123|crocodile|user|0|1
pdfasms123|crocodile|user|0|1
ydfasms123|crocodile|user|0|1
dongkook01|dongkook|admin|704|0
dkpharm|dongkook|user|107|3
dkpharm2|dongkook|user|704|3
dsfashion|dsfashion|admin|0|0
speakingworks|easyschool|admin|0|0
efolium01|efolium|admin|248|0
blanc101|efolium|user|0|1
efolium|efolium|user|248|1
elensilia|elensilia|admin|0|0
Everych|everych|admin|0|0
rudtjr|familytwo|admin|0|0
repair|fnda|admin|0|0
giantg|giantgolf|admin|1601|0
guess|guesskorea|admin|8828|0
hpio|hpio|admin|0|0
idlook01|idlook|admin|14427|0
idlook|idlook|user|11595|1
idlookcs|idlook|user|3|1
idlookcs2|idlook|user|0|1
idlooksms|idlook|user|3012|81
isae01|isae|admin|2312|0
isae|isae|user|2310|150
isaeshop|isae|user|347|3
jessinewyork01|jessinewyork|admin|0|0
jessi|jessinewyork|user|0|189
jessi1|jessinewyork|user|0|1
jessi2|jessinewyork|user|0|1
jessi3|jessinewyork|user|0|1
jessi4|jessinewyork|user|0|2
coreya|jisam|admin|755|0
kbjfood|kbjfood|admin|2139|0
KISA1|kisa1|admin|0|0
dp26|knoumedia|admin|0|0
dp35|knoustat|admin|0|0
kumkang01|kumkang|admin|29851|0
kumkang|kumkang|user|29851|127
kumkang2|kumkang|user|29851|62
kumkang3|kumkang|user|29851|46
kumkang4|kumkang|user|29851|1
labelyoung|labelyoung|admin|62431|0
laprairie01|laprairie|admin|0|0
hddg2135|laprairie|user|0|2
laprairie|laprairie|user|0|47
laprairieak|laprairie|user|0|1
lpcom|laprairie|user|0|2
lpglgg|laprairie|user|0|2
lphdmd|laprairie|user|0|1
lpkglhq|laprairie|user|0|1
lpkhdch|laprairie|user|0|1
lpkhdcx|laprairie|user|0|1
lpkhdhq|laprairie|user|0|1
lpkhdpg|laprairie|user|0|1
lpkhdus|laprairie|user|0|1
lpkltbs|laprairie|user|0|1
lpkltgj|laprairie|user|0|1
lpklthq|laprairie|user|0|1
lpkltjs|laprairie|user|0|1
lpkltkn|laprairie|user|0|1
lpksgct|laprairie|user|0|1
lpksgdg|laprairie|user|0|1
lpksggg|laprairie|user|0|1
lpksghq|laprairie|user|0|1
lpksgkn|laprairie|user|0|1
letsrun|letsrun|admin|0|0
lululemon44117|lululemon|admin|0|0
lumourkorea|lumourkorea|admin|37|0
mariooutlet01|mariooutlet|admin|0|0
mario1|mariooutlet|user|0|1
mario2|mariooutlet|user|0|6
mario4|mariooutlet|user|0|1
mario6|mariooutlet|user|0|2
martsmart|martsmart|admin|0|0
mdysresort|mdysresort|admin|1|0
metrocity01|metrocity|admin|0|0
metrocity|metrocity|user|0|29
metrocity2|metrocity|user|0|29
miguhara|miguhara|admin|549|0
nain|nain|admin|0|0
biellee4040|nsb|admin|7|0
beigic|paige|admin|0|0
pckr|paulaschoice|admin|0|0
reskin|reskin|admin|0|0
skincure|skincure|admin|0|0
songzio01|songzio|admin|3|0
songzio|songzio|user|3|1
songzio1|songzio|user|0|1
soongsil|soongsil|admin|0|0
soos|soos|admin|3|0
techfood|techfood|admin|0|0
toun28|toun28|admin|22590|0
Treksta|treksta|admin|69|0
